ID,PathID,Locx[0],Locx[1],Locx[2],Locx[3],Locx[4],Locx[5],Locx[6],Locx[7],Locy[0],Locy[1],Locy[2],Locy[3],Locy[4],Locy[5],Locy[6],Locy[7],LegIndex
101,241,0.534392,0.652557,0,0,0,0,0,0,0.376238,0.19604,0,0,0,0,0,0,0
102,241,0.679012,0.525573,0,0,0,0,0,0,0.223762,0.251485,0,0,0,0,0,0,1
103,278,0,0,0,0,0,0,0,0,0,0,0,0,0,0,0,0,0
104,278,0,0,0,0,0,0,0,0,0,0,0,0,0,0,0,0,1
